<?xml version="1.0" encoding="UTF-8"?>
<tns:biblio xmlns:tns="http://pad.polito.it/dp2/biblio"
            xmlns:xsi="http://www.w3.org/2001/XMLSchema-instance"
            xsi:schemaLocation="http://pad.polito.it/dp2/biblio biblio.xsd ">
	
	<item id="0">
		<author>J.R.R. Tolkien</author>
		<title>The Silmarillion</title>
		<book ISBN="9788845272" year="1977">
			<publisher>Bompiani</publisher>
		</book>		
		<citedBy>1</citedBy>
		<citedBy>2</citedBy>
	</item>  
	
	<item id="1">
		<author>J.R.R. Tolkien</author>
		<title>The Hobbit</title>
		<subtitle>There and Back Again</subtitle>
		<book ISBN="9788845268" year="1937">
			<publisher>Bompiani</publisher>
		</book>
		<citedBy>2</citedBy>		
	</item>
	
	<item id="2">
		<author>J.R.R. Tolkien</author>
		<title>The Lord Of The Ring</title>
		<subtitle>There and Back Again</subtitle>
		<book ISBN="9788848603" year="1954">
			<publisher>Bompiani</publisher>
		</book>		
	</item>
	
	<item id="3">
		<author>Lily Hay Newman</author>
		<title>As 5G Rolls Out, Troubling New Security Flwas Emerge</title>
		<article issue="10" journal="1059-1028"/>
	</item>

	<item id="4">
		<author>Gregory Barber</author>
		<title>The Pursuit of Creativity Can Make Algorithms Much Smarter</title>
		<article issue="10" journal="1059-1028"/>
	</item>
	
	<journal ISSN="1059-1028">
		<title>Wired</title>
		<publisher>Condé Nast</publisher>
		<issue id="0" number="1" year="2019" />
		<issue id="1" number="2" year="2019" />
		<issue id="2" number="3" year="2019" />
		<issue id="3" number="4" year="2019" />
		<issue id="4" number="5" year="2019" />
		<issue id="5" number="6" year="2019" />
		<issue id="6" number="7" year="2019" />
		<issue id="7" number="8" year="2019" />
		<issue id="8" number="9" year="2019" />
		<issue id="9" number="10" year="2019" />
		<issue id="10" number="11" year="2019" />
		<issue id="11" number="12" year="2019" />
	</journal>
	
	
</tns:biblio>