<?xml version="1.0" encoding="UTF-8"?>
<tns:biblio xmlns:tns="http://pad.polito.it/dp2/biblio"
            xmlns:xsi="http://www.w3.org/2001/XMLSchema-instance"
            xsi:schemaLocation="http://pad.polito.it/dp2/biblio biblio.xsd ">
	
	<item id="0">
		<author>Albert Heisenberg</author>
		<title>Machine Learning on an ARM processor</title>
		<article issue="10" journal="1120-4563"/>
		<citedBy>2</citedBy>
	</item>
	
	<item id="1">
		<author>Walter White</author>
		<title>Impact of chemistry on smart drugs</title>
		<article issue="12" journal="1120-4000"/>
		<citedBy>2</citedBy>
	</item>
	
	<item id="2">
		<author>Frank Turing</author>
		<title>Story of an Automata</title>
		<book ISBN="1548651354" year="2009">
			<publisher>Best World Editor</publisher>
		</book>
		<citedBy>2</citedBy>
	</item>
	
	<journal ISSN="1120-4563">
		<title>Machine Learning and Articial Intelligence News</title>
		<publisher>RCS MediaGroup</publisher>
		<issue id="0" number="1" year="1999" />
		<issue id="1" number="2" year="1999" />
		<issue id="2" number="3" year="1999" />
		<issue id="3" number="4" year="1999" />
		<issue id="4" number="5" year="1999" />
		<issue id="5" number="6" year="1999" />
		<issue id="6" number="7" year="1999" />
		<issue id="7" number="8" year="1999" />
		<issue id="8" number="9" year="1999" />
		<issue id="9" number="10" year="1999" />
		<issue id="10" number="11" year="1999" />
		<issue id="11" number="12" year="1999" />
	</journal>
	
	<journal ISSN="1120-4000">
		<title>Modern Chemistry</title>
		<publisher>Best World Editor</publisher>
		<issue id="12" number="1" year="2005" />
		<issue id="13" number="2" year="2005" />
		<issue id="14" number="3" year="2005" />
		<issue id="15" number="4" year="2005" />
	</journal>
	
</tns:biblio>